filename,label,mean,std_dev,skewness,kurtosis,low_freq_energy,high_freq_energy,energy_ratio,radial_center,radial_25,radial_50,radial_75,radial_edge,color_balance_need,sharpening_need
1.png,1,172.0787905145765,24.6516891674975,0.4190485787989317,0.40569237224913923,282.272820165631,172.03340080731843,0.6094579021330262,418.13093861474925,214.4904090461324,198.1762883340011,178.01149873667734,163.60397550126996,0.07716753794041922,0.40513599682804613
10.png,1,170.70345653772333,18.225492993646743,0.014498085710831403,1.5294010883386306,219.88341867177343,170.09007646724675,0.773546625273938,350.15399707009647,194.418368190663,178.9766223446513,173.54192644165784,166.6371576700112,0.07760357523364264,0.0
100.png,1,144.01993103186976,21.890682764756065,0.2787958422146484,1.1800108309375839,187.94030536465792,142.38610672189262,0.7576134690513717,324.06061848670953,174.7196708224906,160.69219239005625,151.34704308680213,138.55821412040947,0.4128039835798384,0.0
101.jpg,1,135.6304662218086,26.014149914035997,0.7083695650428133,0.9832586870896702,208.36150436641654,134.74288897560666,0.6466784226065723,340.2117025373145,177.1655570553042,160.28377240909907,140.5466308485807,127.6396315816438,0.12492927872571387,0.0
102.jpg,1,147.37005435475962,26.402196414788214,0.4697581084335405,0.694385079771715,220.4239090333051,146.27271025283872,0.6635972971096231,346.0654677885506,194.34205493881973,169.85337369383208,150.25001953998805,137.11748954925923,0.0676424253083735,0.178267068172136
103.jpg,1,168.47929792748909,18.304410904314462,0.10928790256530685,1.7311623170491313,221.3035149574744,167.79355857033482,0.7582055739267313,340.59838279085676,198.45605900275334,180.04966142418596,170.9667114278318,166.23340076330462,0.3040488212665236,0.0
104.jpg,1,135.66400401222853,28.832593171723563,0.7856145412614842,0.9253942993113231,222.20798701753662,134.63811854474247,0.6059103471114963,348.40027066840713,191.6211513626752,161.520224220866,137.34122861746735,124.7014101345298,0.17344188020183726,0.0
105.png,1,151.0448858438669,22.033566682773845,0.2165744615861255,0.8805147740239554,209.62010657711804,150.45392994150524,0.7177456991042703,343.0174074129402,182.2736596360374,167.97833069864228,155.62345608267105,143.28212836391282,0.18058578812277637,0.12497479434945324
106.jpg,1,148.1922753581088,22.35551997515983,0.27082146402323687,0.7756323168777781,203.68038732022117,147.1452969255396,0.7224323306799367,343.4552791743744,184.52092485644917,168.13004168865268,156.02954384701556,144.6706155726367,0.25303694423892187,0.04899020650099071
107.png,1,161.3604223575186,15.952416108228395,-0.1098049587362133,2.3285091646272917,181.34779520268063,159.81692966708607,0.8812730780016879,313.1205784206316,176.19692771600586,165.99557090670464,162.2427843296174,157.51167574754277,0.18334941901949686,0.0
108.png,1,141.70188309865654,22.20356946852082,0.33424496131133796,1.044710173734158,169.6818022209253,136.9901369652405,0.8073354665745457,296.9019994939085,175.81371483008436,156.7727138512167,143.82436295063064,136.7775381534362,0.18375917668011518,0.01999107692335189
109.png,1,133.06310792825045,24.298507296357883,0.8386282911001387,1.8880899641959612,215.73284428175162,132.2504603385987,0.6130288634487052,346.093684019308,182.01547605106379,155.65854650871736,136.75532832233537,124.46385645190239,0.34944847374183574,0.39921384088331285
11.png,1,134.42646809717718,17.925188716796985,0.29856409014697166,2.335457287926342,154.57027748135792,131.07040951780607,0.8479664503003427,302.12900026559294,159.49789308343716,142.64706358242987,136.6611031396679,131.79877415782164,0.3559794977701022,0.0
110.jpg,1,150.00332827177877,26.97016881355746,0.5150384296402075,0.6728439882789532,227.36623565764452,148.98244756143416,0.6552531739398794,350.3050144098231,202.07656705519918,177.7336701753979,159.39837638266155,146.30834664839128,0.28709420977842837,0.14579718527539423
111.png,1,131.16609275314698,21.34735199586221,0.5996725372224769,2.124249127663968,172.73613061062727,128.43621066108335,0.7435399311484956,312.28228106648237,163.01558946154324,143.03385180964008,131.64697374889067,121.91540761499974,0.0556876952771821,0.18027520937324676
112.jpg,1,169.11987229726344,17.73715680811264,-0.019888957865165268,1.093155959642953,198.0532642933471,168.51126788240182,0.8508381241967864,330.0738102696848,186.49000423148078,178.5977172194557,170.81858704955164,163.982630995487,0.16886258198971726,0.0
113.jpg,1,130.92364136595205,27.06365376153513,0.8259515424935518,1.3598120377386014,221.3312353850524,130.1429756623979,0.5880009454426381,349.4471165571023,184.79954819836155,158.49616179168012,134.76585871734005,122.94702665250115,0.36316441370715125,0.4102743905349627
114.png,1,139.74509001662628,23.983394976873132,0.5499872278698388,1.2035018880244648,201.12101960371666,138.34285264886088,0.687858747541395,326.3471235975112,178.1712248978722,159.4157577493113,143.18178713389798,128.71716643065628,0.2997810723624063,0.22164208860628376
12.png,1,154.30099894258063,20.70089531482428,0.19625903157444444,1.1944604797828493,194.31130812578857,152.4159431506745,0.7843904949268683,317.2787052497213,183.39782025534006,167.88031258610528,159.577920319766,148.3191949200167,0.26311432016738345,0.0
13.png,1,148.0973736703354,20.97305996759133,0.49677645325774017,1.8282557015440455,181.81511188062572,144.74848392920407,0.7961301039940042,301.62122259438024,183.00172686395686,162.80286397951284,151.70396247277029,141.60250384201953,0.18108260823135366,0.0
14.png,1,150.49741874146463,21.056583092228816,0.34530030851293514,1.329939450991735,204.4938428774261,149.4461092396287,0.730809823595554,334.88506083617096,181.45979116136309,165.34210455290614,154.73618471028064,143.67605863178588,0.20406306972326976,0.12184514685157288
15.png,1,172.97972835963316,21.00136815543982,0.3446171453921929,1.306450577003722,240.31420996879723,172.66974864890042,0.7185165982124825,353.5121883485655,206.37819283582863,187.36583285707252,176.3229812862476,164.92365628891858,0.11457098918934067,0.0
16.png,1,162.66412568535964,20.923659606007043,0.07833057338290222,0.9382485231900439,219.27112885707285,162.10508251570553,0.7392905913362184,345.6472536261599,192.38817233499358,178.81410584304373,170.70921634399426,161.45892646203401,0.09913365888462022,0.0
17.jpg,1,135.66339468735964,26.998915529052308,0.4658450840530697,0.4201988871312645,193.53275134906127,133.24814607877443,0.6885043753573482,315.759160564762,190.81524973673484,165.4942937240193,150.90181557198926,139.09179561757543,0.18266621756992502,0.11924447088364887
18.png,1,131.9324678762951,22.044866103043617,0.3699848305946577,1.54534237304133,166.32771617100911,128.94640923060166,0.7752550939737907,311.8591856373569,164.38585748721147,147.1631678005552,137.2284346076105,126.23311765054672,0.30370293529161146,0.14739168435184555
19.png,1,144.47894300028472,20.54694938906599,0.3008119810102651,1.4133684066420322,186.16784018036776,142.3221559075449,0.7644830372939644,310.7604460360862,176.23308442535352,158.4587911047661,144.98881254384725,136.48765085139993,0.6034082918601331,0.0
2.png,1,138.53947381106656,22.056539592831083,0.36391419394784463,1.2662307389639453,181.80572778326317,136.0525501742109,0.7483402851663936,315.71146208066773,178.33918284761143,153.43652727840785,144.7462706398846,133.6815984772972,0.5048103639326321,0.15477680349759868
20.png,1,160.03513846107074,19.388287322455028,0.4219603140064593,2.167746637033802,215.07250968382687,159.0254637000589,0.7394039523407179,337.5235657898197,194.8138516329648,173.14064930683912,164.3320276006769,157.37891366644186,0.2500858527524239,0.0
21.png,1,148.4210023857986,22.09597004608299,0.13936447910219066,0.5676909446391467,191.8725850739566,147.2858376711588,0.7676231474881521,332.07671371857805,177.2406972366366,164.79378948286717,153.8607057913269,139.8239627242178,0.10209926241383876,0.0
22.jpg,1,115.73338910888535,27.166191364264208,0.9347218148760721,1.6010611077587695,195.62713885803316,114.55098473517239,0.5855577370494702,325.7117897014274,169.43651745461668,137.7484068870502,114.01278530533844,104.60598279082228,0.2199723927783956,0.3511020326919445
23.jpg,1,169.77392573071089,19.67952256485105,0.19239288164436208,0.9935509915430574,219.75446600380837,168.96778798437063,0.7688935340292123,338.71152201621186,201.4972954828092,184.36002503031048,173.02679956026614,163.8097470544419,0.09381045507736739,0.0
24.png,1,151.48555650166114,23.081805727180118,0.36086468857942555,0.8103028760703879,231.7165716371716,151.19391664701294,0.6524950528085521,368.2723547911497,189.82578407103597,173.38681462538258,158.02077776064462,145.33325398772675,0.19867478634899616,0.3812530469703436
25.jpg,1,126.2080658423859,24.839004724426513,0.9342421720091165,2.242132649316014,212.365486592331,125.50085269187196,0.5909663321742605,349.727789401011,171.8849479648253,145.64715044484367,124.65229233810838,116.60469725590971,0.2808349994949821,0.28629080276630714
26.jpg,1,153.36555218346294,21.45880030969481,0.21208663599167304,0.962257047056347,214.87968804634428,152.75290226782442,0.7108764148749107,348.42822948138144,189.35401495742025,169.86355717238717,159.9479840626265,150.3666325437432,0.211176106368067,0.18263272394001345
27.jpg,1,157.2574799622196,29.9666088142801,0.5167711287674154,0.05277493046161874,247.09382844886332,156.91237807355768,0.6350315548493397,359.27567105757186,213.66408095829252,192.94435521456484,167.81775719009266,149.75546585289874,0.08061291796400477,0.1430425090356455
28.jpg,1,126.87805679603566,25.21990473703448,0.47515958121221535,0.5065002146510138,195.55006081882127,125.96588955445546,0.6441618531183373,308.0520939424779,170.71705923061847,153.40791153819617,131.30410175276066,117.97425275795722,0.35818003514982844,0.5049990192555656
29.png,1,147.42749839521454,24.010718652350025,0.5977146608277939,1.1010049800832462,220.62104258857082,146.52059948007832,0.6641279442837188,338.3765169119158,192.2529840763775,170.71533623013664,154.97637887701856,141.40712460705836,0.1545747567506076,0.2644832722600664
3.png,1,170.3530041258649,23.765124397978294,0.18989605220893446,0.25287885519853237,236.4294888106337,169.9915573610421,0.7189947337626547,360.4035184650502,207.5001368767602,193.5791534755279,177.97109852475134,161.7660184027124,0.24157371972393724,0.0
30.jpg,1,168.83187552661687,18.952610432769877,-0.1457259014803219,0.9562257921958679,208.0866823124152,167.95172290810123,0.8071238439754808,328.4105477072794,192.8220175257787,180.92887028701696,172.8395901776446,163.88231131767614,0.3604115453319494,0.0
31.png,1,158.19372985242,20.168974927664813,0.00045917529510085015,0.9752523301820886,213.36738921271942,157.58726484584903,0.7385724005309,351.8700207901663,186.74625864245533,173.1387189639383,166.08182330782984,156.0061438038515,0.30619325593538116,0.0
32.jpg,1,153.98193124153528,29.73131065483848,0.5679261223721792,0.22908538008192636,234.14975057531709,153.35767931732343,0.6549555527627782,354.63466425016395,205.95214719319864,181.0028190233794,155.93809272303463,138.41513445203822,0.14282863063677773,0.0
33.jpg,1,135.19652818615705,25.351085814960744,0.5417596924713293,1.1231566255583676,208.49916448593981,134.036064286952,0.6428613976339975,332.2866774812344,175.53122881726281,153.30564535616034,138.90652358765064,124.2002768129246,0.34331819276832937,0.31634767335246344
34.png,1,145.73912740024784,23.84770783172304,0.41173789374501873,0.856324235973867,204.61815306111018,144.1353041198866,0.7044111285514336,338.6643564837666,184.15324736309165,163.56882944413707,144.26182025249602,133.52346341701775,0.1809506728904861,0.12816511397595326
35.png,1,157.75112747326747,27.192828156557425,0.7573879971110362,0.9733366283418059,253.20879380169373,157.40995270917526,0.6216606869998933,372.4431891666767,209.48357449992136,171.92755496799484,153.9817698703304,143.96812290010894,0.22159194576685762,0.20684202450806422
36.png,1,154.75303925691586,22.74849453752365,0.18368576878633117,0.4105409884820266,203.09719977428904,153.67606538400406,0.7566626499764207,338.5691523372426,186.61051344466478,175.28667045147395,163.18920161283947,148.61345475408325,0.13208588034845517,0.0
37.png,1,156.10829748677497,19.218596234025906,0.1220689225035349,1.7751453541535458,201.54534097450457,155.017961090165,0.7691468348542709,335.70255462844193,183.77953096451887,168.30123208587318,162.09616946190602,155.71683827493328,0.20709572370599783,0.0
38.jpg,1,157.49861664978326,26.228787568652344,0.33318095935014724,0.3055308431400334,232.01667630401855,156.9552510814228,0.6764826286700165,352.75828909357165,200.07055713709372,177.42972886116004,158.8341820768212,142.94311672811475,0.2702429985032854,0.0
39.png,1,133.8817146410175,24.675915696470163,0.6572751444677656,1.4701787015730892,196.49438477385561,132.31387191886645,0.6733722801857458,332.10600975047663,173.17316753657806,151.3036086119561,137.76632077506588,125.9741909971129,0.22403961785040574,0.2432036027164518
4.jpg,1,129.88668080636833,26.894783744205572,0.6744746889116175,0.9893153607449645,193.70786493066277,127.52730246535928,0.6583486040229051,319.8201672938794,173.30878120049482,149.26282108287316,129.31736922531408,117.38703954828428,0.4051160377789207,0.0
40.jpg,1,145.2298417479672,26.501380525300483,0.4179369935851937,0.40611460409217104,205.7778396579142,143.75744060721502,0.6986050628493228,329.48904188362167,187.84217085990088,168.87889011201764,151.27813833697118,136.7855060777776,0.08687008468634458,0.0
41.png,1,137.9259638722775,22.74524705477646,0.5046368494108798,1.4660086432353765,192.11254773820647,136.2051175101562,0.7089860559017944,319.588422242911,174.34232349753057,154.8143900631547,142.50133163641348,130.67669454752345,0.1552663902476613,0.0
42.png,1,179.59238337541305,21.25957637851784,-0.10346998528186245,0.40591000287196977,231.7055559049819,179.30826229690655,0.7738625929644842,362.5117291088114,203.0659300556834,197.4196729460342,188.27359739756272,172.91773726112135,0.13517691755482786,0.0
43.jpg,1,138.79117932508157,27.827356298344345,0.6195211314169428,0.5871090680205531,215.0009510718474,137.79436145831383,0.6409011716988486,350.7146381625744,188.94990874703197,167.39089045825227,146.12662859171485,131.5740307251639,0.3092445386404923,0.23011173550341033
44.jpg,1,147.54214120378188,18.55358714884445,0.05685969588061886,1.6929048054101736,193.99627566372828,146.58522829756038,0.7556084661730833,331.6734449065964,172.66107055679834,157.7783479710996,152.90561508673383,146.7372155473417,0.2534765331547402,0.16228079721681735
45.png,1,143.82303600997315,19.108769023356444,0.5026151166212381,2.8692236181835877,188.33802882537847,142.32575511550002,0.7556931332623232,329.70619801570433,171.02902345458253,154.75435251257545,146.64255738743825,139.159639226274,0.12439481208877859,0.0975507310864014
46.jpg,1,149.43896151796142,21.366601862163566,0.31254514213051365,1.3315997358553506,219.92980636756636,149.0141515330299,0.6775532338894716,351.12801018428746,183.11312683483777,164.8211990732335,151.7474190673588,141.6363438227251,0.18650493873801655,0.20220602833789003
47.jpg,1,138.87235624824743,25.664463952073618,0.44526669284879933,0.5958097063794869,207.04776715236488,137.9427760613901,0.6662364823276701,338.8750227693814,183.21788728670913,164.55325176461125,147.24874916423224,134.4869597142447,0.4813939613135371,0.0
48.jpg,1,125.81224050341218,27.147588454049973,0.7919219770293651,1.0713742800994792,207.6934125297234,124.81374374410808,0.6009518656555646,348.92546295789936,179.70257593180773,154.7481729916767,130.68121553625951,117.73662235839151,0.34528724494527624,0.4403101516471621
49.jpg,1,149.54548902444955,23.149611586569605,0.39933303314381924,1.1239929602156744,212.82321332461024,148.4030627080976,0.6973067476513696,335.79291672612896,188.1697737371737,165.87337653939082,152.4561841149845,141.93148225942986,0.191498146937743,0.0
5.jpg,1,141.3569109200556,21.238441270831498,0.5925874036313264,2.0777391402259457,197.67099405691636,140.18998792247487,0.7092086959511587,341.58782822907705,176.39969859398357,156.61140508705063,146.93303469577188,138.01078120179602,0.21863296879479585,0.008517241998268244
50.png,1,140.06311857402696,24.423053765893854,0.6079854204088175,1.0557089797299186,210.66318277693898,139.14950412382544,0.6605307215507329,340.9107491570056,180.8199592620927,163.35422623805863,143.005234510913,128.50111809544862,0.2339658956226577,0.31680361375368854
51.png,1,121.07129709878143,21.212373192921063,0.3096757718657843,1.1985130553262566,148.5163722023513,116.46727704412852,0.7842049689002881,296.9494374723282,155.5942866041467,133.94951299117244,125.44373447169423,115.57528273655802,0.0501207107226284,0.3112300564356581
52.png,1,146.30574840502206,19.78279667306119,0.11741663940362898,1.1043096171689113,171.3146127503247,142.30433010977364,0.8306607815012788,305.984316906404,177.38184103591027,164.02692098181035,157.50867739736364,151.80026945776424,0.09822037378284648,0.0
53.png,1,139.0400956014717,16.449117189209005,0.10839809493328871,2.9265448952469804,154.07695488632635,136.45816803181245,0.8856494349365059,293.02944815775214,158.55685738045702,142.02776433068345,136.8323254691422,135.2582370365424,0.5089072506336767,0.0
54.png,1,150.7292593192327,16.963829814858045,0.06840537033785517,2.1062499462108635,171.4014985053248,147.3641197727741,0.8597598099073565,302.5953967094654,174.26096754999037,160.5377183932442,151.4115226257952,148.4540781950843,0.15350053658425641,0.0
55.png,1,142.7390305964561,21.07124280772405,0.48356284003230265,1.861847596546598,169.91105314977162,138.21454950524725,0.8134523737158829,294.74436383794705,177.07260534389127,158.3024484113833,148.75877601801992,140.22754480947182,0.06998014480442058,0.024879301089474337
56.jpg,1,130.3893611243048,24.237359432262885,0.7249602340268843,1.7115404049369607,214.98224039007647,129.83527945814131,0.6039349074721732,337.79479644219015,171.3281252342435,150.1855887623057,129.39796669982337,119.71363118176359,0.27979617163857007,0.14531844949532394
57.jpg,1,146.59715189843683,23.924654843183717,0.35324589595565026,0.9241663575219814,226.876558370006,146.2044979604319,0.6444231127747957,357.42974563797145,180.65979750668612,164.5667453708312,150.20282613474419,135.36381305454222,0.10379527935992507,0.3203357277991022
58.jpg,1,156.22935650106675,24.029021938516003,0.2861016517596047,0.6226274326351646,230.2380572329714,155.8161040051928,0.6767608529962832,358.52402581231865,194.03983780909795,177.1455261233587,161.85637101365452,146.3769484208968,0.09438892705322935,0.052176570495404875
59.jpg,1,171.03711696375203,20.322487701876803,-0.02022502931516577,0.914425619294315,233.6336187236859,170.66849387095354,0.7304962993052809,356.0894602340567,197.5636149045853,185.16021206597708,176.2470386270148,163.83441124637525,0.1369796458130202,0.0
6.png,1,142.74814774844364,22.647922743010593,0.8691154676379975,2.4227128799888256,229.49302834547117,142.37400818824918,0.6203848945420863,354.63490682780343,181.37282057325598,156.55350573798282,139.04365379684756,134.33581434588837,0.23265631006190404,0.46887251321353357
60.jpg,1,164.74446833371607,20.222818455731137,-0.09417415410252844,0.6378465373155104,221.45850036754337,164.43096466952093,0.7424910960591861,346.9367200330478,192.3093199628623,179.98028479315175,171.28221991332123,159.02377222673815,0.13866600151029126,0.018261308978383007
61.png,1,164.54400622453207,23.222040934541266,0.34241959333926,0.9653546408211722,239.06732523036453,164.12871563774848,0.6865376331943086,361.2980008583276,197.94041144085034,181.46419026710151,168.7864970644952,154.36466111474977,0.32056605100052415,0.0
62.jpg,1,140.32587818441652,29.10236230167196,0.7269812825229128,0.7490454236499939,226.74819481062875,139.27331667955033,0.6142201784489,352.4310700059831,193.06313111217688,155.1269491202465,136.55388723541253,126.32023542483739,0.20551886831605717,0.19853379198804388
63.jpg,1,154.29425732009906,18.829114701151788,-0.052464881335426164,1.2763775972766878,194.71433301460826,153.3719158955647,0.7876765594038634,331.60235020924796,177.40182713924435,166.3557635013444,159.67394989663512,152.00000694604987,0.38708230506147384,0.0
64.jpg,1,148.95493709534017,22.448863728033338,0.2976206044179226,0.6940233901490496,201.0400669425643,147.46385570140603,0.7335048079920079,322.6603926456943,187.12013134973097,169.99850617805524,154.78104147864482,143.18618229868682,0.18321661644630252,0.009157992057774945
65.jpg,1,136.5895561700088,27.16271776882091,0.5562654360887153,0.5021996371942992,217.38175561155964,136.02369640738314,0.6257364884403843,349.77011240921905,182.35625447950818,163.9423573904701,136.99183397568785,124.23478087611649,0.17357317632192407,0.3962356262080014
66.jpg,1,159.61383112701205,28.378516432193187,0.3311514102209366,-0.24429652431163262,224.02027856816537,159.15876372790595,0.7104658772195785,338.73197176547967,204.67193977924194,190.2217713336917,164.76524450439686,145.3214376097082,0.1893108895600082,0.0
67.jpg,1,156.06841012623389,23.195912811670066,0.3294116352093466,0.9253377507756282,224.54769780033567,155.52057582484107,0.6925948355218835,346.31318600919366,190.79441342030898,171.39757023831004,155.70754881630612,143.35422721534175,0.25514199594434883,0.02912394651145145
68.jpg,1,162.90996363037274,20.959758823804588,0.18348259060010352,0.8816030180832533,212.77107558166745,161.69935068238078,0.7599686669831967,333.0090140871288,196.25624873943636,178.1585030877669,166.8540896767815,158.64896384667898,0.3575125766235291,0.0
69.jpg,1,161.67701991450724,19.60841053356747,-0.08140357117605664,0.7807827694840124,213.82625455937756,161.29754423348345,0.7543392861922511,353.2649502343017,188.7462751677613,173.36141535431597,164.79639753538973,154.749939066019,0.04262200080100964,0.043063249910400496
7.jpg,1,130.53082749260685,22.809570260824394,0.33299039710285167,0.9177491226833863,193.0745038912916,129.48397406581094,0.6706425315416862,334.86256755361933,167.93190416177234,150.35134118127186,137.75464756470467,127.04947611677395,0.26024033788268897,0.4914950273074912
70.png,1,157.8897557873311,19.26213915020144,-0.0109272624659862,0.9811019037825983,196.1630915829457,156.55958888062526,0.7981093059721968,321.84311606787344,184.27845964646758,168.45312303175066,160.92369190850627,151.2379312169839,0.28947811538528656,0.0
71.jpg,1,137.86800771588793,26.030931283444314,0.5169748196916406,0.80149130379839,207.60244130321317,136.87173826658017,0.6592973445176039,350.600672227235,184.09113670234805,163.09770649132957,146.44140165330924,134.76209293109568,0.24888989244325746,0.3224434600414203
72.jpg,1,127.84804900370749,28.700034958010978,1.1178534661886521,2.055601752779303,229.0554361479364,126.97103525029128,0.5543244787619296,346.4263518691612,190.66509128958108,151.07489968868427,130.68050868912692,119.18073702253565,0.1383179662399158,0.2749750348592607
73.jpg,1,141.32175759215696,24.45569756672668,0.3559572984178854,0.647944688208896,207.5095326885236,140.36752763942505,0.6764389366637908,341.84194572488343,180.15190233416735,163.31370028755563,148.68596387025423,134.96031857584344,0.4837293713196113,0.2914143709640591
74.png,1,129.7606135565306,26.032181267590275,0.9385212430798197,1.6906450968194857,210.38618993654484,128.54712427208463,0.6110055242259774,346.43863031816977,188.18034567486407,155.2335825028971,139.03398160164,124.87327746845462,0.27062338434513794,0.34594077478753116
75.jpg,1,131.53733818147137,28.020795656607064,0.7067353841393493,0.915402892365413,210.52921619589935,130.10762093234146,0.6180026852485649,335.2528003959453,176.92529020185845,152.90693285431234,127.17690003846897,115.49911686910967,0.23544903590609087,0.343558726396859
76.jpg,1,154.75784320485934,22.494434747606412,0.6150754020422363,1.743268378394867,233.9118866340303,154.17559033124874,0.659118236998644,353.1418554549538,191.54625813668375,167.5531118182696,152.94008505020057,145.80455915701575,0.22312779306519953,0.07391559952201901
77.jpg,1,174.49877613403575,18.929519272609568,-0.12621587937787385,1.2487928054212425,230.11050376535724,174.0970733918274,0.7565802974789603,355.1738861028882,196.3250677836809,186.74352854882446,178.36447766177162,166.99375496873932,0.06700412336761698,0.0
78.jpg,1,131.65738622174564,26.030191312460826,0.5801547096958821,0.6536938873212863,209.63334877367714,130.9775938422548,0.6247936915021087,335.03715669598114,179.86878848544703,156.01396804325333,131.3108596213231,120.54385883706173,0.12127672854078683,0.4722243184265857
79.jpg,1,127.4505710827419,27.90231483454156,0.8746901710226912,1.4284527308562316,221.65265454654957,126.61331432555947,0.5712239927131991,355.73263802059046,180.85949911042164,151.98966033368197,126.01861236770357,116.10337132168924,0.05116739220939989,0.3533507270819457
8.png,1,145.33936898552903,21.586291213023962,0.09815236745840535,0.5960536408611388,185.1191463539121,143.62810414085936,0.7758684445652646,325.5834764612687,176.82381458037167,163.2675895697418,154.000642046134,141.51045471353777,0.09219948565834812,0.0
80.jpg,1,142.44399468654234,27.3441685707424,0.41884659338930036,0.3604711334928945,214.7986200523461,141.40375246882311,0.6583084771883694,335.8921444783362,185.8181341929782,162.16157689138035,142.4727704512142,126.48838223880782,0.18098452817587976,0.2375791149477835
81.png,1,149.22332481875867,25.596582365009116,0.5293000552098721,0.6673011351958245,217.46400176303484,147.90898204248214,0.6801538684257954,343.77003175489585,190.83366625833892,165.5079237565817,143.8669745185688,139.1797356839102,0.2063182143940767,0.07460885537348343
82.jpg,1,123.17903394514705,27.337112504584315,0.9808572703488229,1.6406731420822176,213.53670607959606,122.14213507075264,0.5719959688112076,347.1339750871807,176.5821610808616,140.80926442811506,119.12722777909694,110.71932932332378,0.24269247997668972,0.4185936598417878
83.png,1,159.31551215618458,23.631898248646944,0.4388700412148327,0.9456311658674124,248.580343383839,159.07728202213693,0.6399431260600594,380.3078933093789,196.0665966634555,177.21829932002666,159.6686967882384,146.89254827386603,0.014273022239012853,0.23385602711331555
84.png,1,161.38168596534888,20.625442337603882,0.2692611723178894,1.3036025064344452,208.82689027113253,160.21284496417994,0.7672040930943613,331.8153281551025,192.66007171803403,174.67343386900902,164.43462123302223,153.91465994261077,0.14210880805882176,0.0
85.png,1,138.33485567594687,23.66339810164833,0.6222994063321654,1.4985703093350713,196.4468365052539,136.55745910676794,0.6951369720993993,325.9477357465949,179.2824439600748,158.91279891341676,143.42108012627568,132.75366215374635,0.054328849313828545,0.0
86.png,1,143.45009411949624,21.81509944141498,0.46194731242949133,1.4252424558004533,194.73553766498807,141.75424037866986,0.7279320563591006,325.37312588618653,177.31120386045185,158.89096243531088,142.42587423899283,130.92779534758532,0.23541536973548308,0.19865548127774757
87.png,1,135.08686795159542,26.82951756028398,0.9049814292029443,1.400761401396907,220.4507893907012,134.33474082798733,0.6093638457783345,356.8559382349138,192.64026963881204,152.58056141384824,132.52107534381602,125.3875861097091,0.1550159956755066,0.3575004320079032
88.jpg,1,145.81241847546656,21.68006800671759,0.20375795553100393,0.9017087244998363,201.9056811671122,144.89996198597257,0.717661638584813,337.3505615073468,179.51310752102975,162.62332401472696,154.68077287308165,145.07905910538548,0.33832485309715427,0.22649978904603005
89.png,1,137.57969783019507,24.149411744929868,0.6484133565133048,1.3604067871016516,204.3933109193991,136.313062371201,0.6669154766270946,333.36461506337207,181.38899069286757,160.11641881929086,143.79905004381447,131.44090626701566,0.15263753854338108,0.25103638016264274
9.png,1,139.7406977497868,26.32141956553645,0.7763906513851977,1.1648353116844774,216.55294186165085,138.9089087958163,0.641454729737918,352.81153315292954,187.87427651569655,159.72596218660925,139.47363949879764,129.40540683039413,0.10092844969815466,0.07566403797550972
90.png,1,145.77775391509314,21.49537481087905,0.23903205198810729,0.9365760030049386,202.11428815233197,144.9824146082145,0.7173288733498266,337.688101846845,175.5639470546424,162.36072457898825,150.22323563159708,140.5691413618085,0.24578193234071483,0.18154456089908835
91.png,1,149.45077478402212,24.202173000682343,0.39197149294675315,0.6949890630084727,213.03704505280243,148.44395931009473,0.6967988092085208,343.07080636752113,188.93400512562383,166.143020383967,150.6656778262728,136.59480072156092,0.27023131350126267,0.0
92.png,1,144.72625638305098,24.036441581798933,0.2634161422623424,0.42759512658124654,198.9778944912197,143.2566860505498,0.719962820075329,335.0827218562744,185.7762012731196,170.19782564755073,157.8785037044489,144.18599397154932,0.030866258049941094,0.13719631090072326
93.png,1,147.0242073352927,19.814943638605534,0.28784318322757924,1.6241504827163853,190.12522539682217,145.1434356380623,0.7634096703113668,315.94373115808605,179.2175114152285,161.1919433892508,150.87498125564454,143.16605843000113,0.1921168681746447,0.0
94.png,1,160.83039857904404,17.444963511119777,-0.06977662237331572,1.7662607215133574,201.14568979713587,159.9382699838218,0.7951364513210623,333.52513104976316,182.77114452055275,169.18297941613795,162.70918475909582,156.16407248593967,0.1786998006525502,0.0
95.jpg,1,139.35585137234537,25.236830515453228,0.3971939840326764,0.7759096523220195,202.82725444448715,138.16912495625496,0.6812157731695332,335.1007011958506,178.95217636399747,160.70449079781852,147.4495059745864,131.96161363045087,0.2447666891751537,0.1751065100489423
96.jpg,1,138.6314967192848,25.63377483018908,0.4955443102720697,0.8015869352618243,207.62527381727227,137.6062021989432,0.6627622912615554,339.38436831270576,183.79701330755927,160.4722608914167,142.6183860207333,128.96357054650892,0.0850319773756739,0.0999785073075366
97.png,1,135.00286828403338,22.4901778355801,0.6788401785747338,1.7357427468893727,206.96009789867026,134.2550448815718,0.6487001419341443,342.9908258486693,174.86962569092756,153.08397722615666,137.09538250885177,129.3402440480192,0.21907403264960307,0.4792203753959346
98.png,1,133.7607937323954,26.507822758017983,0.5688722170601929,0.6618445145218952,191.69968992002703,131.7027563933445,0.6870264445826075,326.2131700574379,178.35388094703643,159.5666749054656,133.0631669740924,119.81838175934791,0.05321715738718111,0.03569350446414563
99.png,1,136.53180790177785,22.006136429376056,0.8678209647156092,2.402887657552771,206.78050550826586,135.6921151261803,0.6562132866086651,342.45055895171816,178.25667184448199,150.69052416559788,134.00051479259355,127.89734792325207,0.20631162822127544,0.37672105584432564
1.png,0,167.28758633574805,21.530937438419038,0.7021794628411521,2.053437731145828,293.1029151078342,167.2353970466172,0.5705688631076575,417.44759368118537,208.52763074694522,186.050654276331,167.81126263930457,160.02944666680165,0.036859058225725085,0.4822325709455948
10.png,0,155.93478146184202,22.01457822911175,0.5108253114340063,1.4907453266543866,221.638917902526,155.12929854582308,0.6999190395526429,338.7070478047101,191.9560021846689,171.61504099721944,157.32460234320214,146.32736503862705,0.057980529702245306,0.014321708637955144
100.png,0,138.51636039628707,22.458472262965692,0.6941203715546554,1.9940531960321586,192.21745998273028,136.48428044220873,0.710051420170005,325.02666975999233,176.05117559529216,153.99528079254912,142.35185032122877,132.71020966193802,0.3607504878655435,0.0
101.jpg,0,134.91082175836186,27.045250109518218,0.6914097371429916,1.1196696799593724,218.4474513684361,133.89675422870081,0.6129472025877241,342.0764868917078,184.2570901771384,161.00120911894558,141.64283986693425,127.65864737715837,0.07004397959847333,0.26836225615621
102.jpg,0,145.56270092070486,26.27521759503795,0.4724806203328703,0.7103000880870383,218.0667655282881,144.50244162836876,0.6626522903584021,336.4822660111077,186.21436581120037,166.4447559546036,149.28649730008274,134.79480826289023,0.25145087077296085,0.0
103.jpg,0,169.8908719817769,19.512527928297665,0.1571275038900049,1.3920617330003964,225.14597790203302,169.14140179462288,0.7512521581363572,345.3599579468349,202.27302578204672,183.17647791410707,174.30885502932122,167.326029727031,0.20575947293838234,0.0
104.jpg,0,134.90392537684218,28.157986261585485,0.7694357038251703,0.9822293616511399,220.64324884676154,133.917628637773,0.6069418816923777,350.2903605032952,190.15162517325166,161.05325891459572,137.98836254994504,125.27749827052565,0.2127967607092835,0.20799124999213278
105.png,0,171.4421947746505,16.40597196958717,0.050924481083186666,2.7330822264958954,219.63733155003658,170.941978567903,0.7782920023728295,341.4870717304624,187.16116649994743,179.63272041227893,172.11631659885677,167.56699158819475,0.16223746718549925,0.0
106.jpg,0,146.55344416215323,22.842618480935265,0.3243214059954276,0.9810086080747182,204.20219332214546,145.4595400035196,0.712330938453954,342.95273558721414,184.99631078650836,165.9735185765487,155.40005579494843,143.65700460702743,0.3556022711139824,0.05467991502322831
107.png,0,131.2599551515452,21.889026298774553,0.3218699144267538,0.8673401435043311,169.9409001417418,128.2401034434278,0.754615889032406,307.31748492188706,162.9308422655895,145.9032609552081,132.1175329642065,121.57090362631814,0.32552031295784134,0.23939057574428838
108.png,0,145.79214739931956,18.41755086539461,0.0828482182351174,1.6999195499107485,165.83040341480284,142.6030350361127,0.8599329923802334,300.21253112641415,170.28369011699607,158.21246898146237,148.20492308673886,141.66701927518412,0.20667004019252294,0.0
109.png,0,147.19551264217563,25.189422633921723,0.6662517153180035,1.25527803640494,227.19287320433037,146.36278508601166,0.6442226070814177,344.6180516791593,195.55007895901002,171.76421154415632,155.28538676062414,141.3167251651848,0.35789447573876043,0.23123102800263395
11.png,0,124.87405030217373,22.335703997880852,0.6005141465858868,1.594838138927832,158.65197971763516,119.51814183249168,0.7533353321225937,303.59669157990726,162.55804523621057,143.89088127260237,127.88557497307282,119.30196233140506,0.231892795318654,0.3154766431042738
110.jpg,0,134.57496479184297,29.513184750520846,0.824873698456089,0.9099672845947304,222.42576821808768,133.3656297084664,0.5995961294273326,348.212894443894,195.62558034120843,167.59681886509378,142.8092483134914,128.0110384347927,0.3194432763053483,0.3167691581831864
111.png,0,129.57761898295144,23.385442863201757,0.664100276523076,1.707203915511192,179.11847055016028,126.2922350713377,0.7050765601304688,305.687172508128,167.86089263977763,144.52433292246843,128.65062437271263,119.1561194521992,0.09183509123489035,0.35963465428274016
112.jpg,0,143.82850052683312,21.26819353185266,0.7309577372188081,2.273440660128186,201.70983610784344,142.63146473692976,0.7071120947253775,338.9843417996355,178.92441964277384,158.78422751364937,146.34614610258757,138.7212738028772,0.08777490211343032,0.0
113.jpg,0,133.80702876895305,27.268172859287937,0.7754503848395158,1.2633933656332008,224.3966673946257,133.01862435107117,0.5927834218551187,352.146839740583,188.44975290675552,160.74640916571232,138.14614860267866,126.52542550984437,0.15176215808506185,0.3669188392059699
114.png,0,145.77579713107266,24.91488697050226,0.5366400050925517,0.8641322045609683,209.5000200066072,144.31579507954825,0.6888581446197324,330.57321464135623,187.906969228335,167.02456684973524,149.6469101318196,134.47567316209728,0.10000687069127497,0.04308821774333285
12.png,0,142.87370341009313,20.63278013924091,0.5011717460064636,1.998037404200793,186.76646955082757,140.78453889489987,0.7537998615783978,304.0185056463431,173.5281177566562,153.60518652574476,143.84307610118123,134.38166700903705,0.34402703191916195,0.10310156033550283
13.png,0,152.758607386201,20.278945926295034,0.3768764054863956,2.0004083717944097,184.92559403018598,149.72914625033846,0.8096723822117219,301.7470864934486,182.68800809185626,165.36546411306335,156.72891002947904,147.00065767214414,0.24985814181370744,0.0
14.png,0,144.9370390111963,22.960942239886393,0.5912247648490174,1.5192348624182372,208.4958381146911,143.69955022389192,0.6892202334746101,336.75789193771317,183.21500809759976,163.272469986056,148.54067486193532,137.81321727541265,0.1533384957957411,0.24710882776882415
15.png,0,151.0216182102212,24.952430790876782,0.5534798436444724,0.7463421555432377,223.00837915939323,150.33241992444647,0.6741110826916406,340.2765938900745,199.05298666873958,173.17792795744953,157.26295715402884,144.31507443741634,0.14061658271987554,0.1552714132785177
16.png,0,169.6398497123931,21.209445468946196,0.09352267834617788,0.8671661877386381,230.3846798075431,169.11490267164075,0.7340544640942036,351.2864285795548,200.93340892513098,186.30367751812923,176.50977258090674,165.35914679970676,0.18178000027508023,0.0
17.jpg,0,141.7163142750891,26.323740330218406,0.4046987353614265,0.34964114720798234,197.95652643744998,139.3163621190888,0.7037725132195113,321.51887628512907,195.01167912897805,171.16488186295567,157.1304332466404,143.45778810335156,0.08200634635522999,0.016733840218455056
18.png,0,133.08280930619443,21.348472281704446,0.5136888378161875,1.890128258396989,171.095456134437,129.97126932025373,0.7596418528971907,308.5248087090398,167.79474269349126,146.89673357131926,134.71093747642686,124.34965743930829,0.35243506964273963,0.14481926842945758
19.png,0,137.07367599384392,20.436888284296717,0.4929204841304142,1.7033615245175637,180.73366603435335,134.8845957132613,0.7463169351504374,300.7060968004492,170.31796917540413,148.73760146858052,136.61942480626666,128.98904746023084,0.5903267309577329,0.2743847463292257
2.png,0,139.9590223084317,23.77683452196502,0.5665722440622721,1.1348451220995504,188.7694905244988,137.20564658054752,0.726842278375174,310.38481719404706,182.45520104614727,157.52380180516985,144.92842718959105,133.2136684483357,0.278409370402966,0.0
20.png,0,161.88130308713855,19.84913838210318,0.3489331139185569,1.8521569575743344,217.30468209611794,160.84126970359605,0.7401647684353756,336.1810567045199,196.716448905337,174.68886256816603,166.73006454023493,160.5376273795512,0.192964494106257,0.0
21.png,0,153.18624211470473,19.846997330300304,0.2281378652629418,1.3575822995666362,193.20119657981377,152.14850989309917,0.7875132897028656,330.68386994581596,175.19020942001876,162.3756173218368,156.4224502305432,149.91117565182617,0.15280761587201946,0.0
22.jpg,0,121.50820134825477,26.545263437612352,1.064159298011629,2.4171977472136206,205.23070928283752,120.29146163211466,0.5861279827588359,334.1756875715548,173.66353905708277,139.4134515947649,118.29497737180493,111.74628291475491,0.09956036727043459,0.08062484322453091
23.png,0,146.73493265704718,21.39196788216506,0.42008078856168685,1.5469598829327271,217.4987276328758,146.09706182909608,0.671714558605137,345.12733780146107,177.9432255886231,162.4312009110609,148.9956967616554,137.07219222610522,0.340135521639115,0.36644284710214275
24.png,0,158.97656369267764,23.19974220840656,0.6267278966279671,1.4809007724896306,248.97373788337876,158.65100041828603,0.6372198199177111,359.9804445494885,203.26405898817228,179.93202464756808,163.4943794353703,150.903833434241,0.45627194745237565,0.2871053703021071
25.jpg,0,124.06074448687367,26.516332022575558,0.9849393341995613,1.9420471456635875,221.44813561443362,123.25704132505955,0.5565955251014805,346.5749021351791,176.67652397908049,144.00783058080432,122.45525619722929,114.19050297234813,0.3526205004420533,0.5064610640449342
26.jpg,0,166.3715383976518,19.440901358067705,0.2682516542725919,1.5711914493674035,226.98419569505464,165.82623714946192,0.730562921535928,349.8059454858429,196.51656543033582,179.37845484339456,169.78500735661757,163.08097873816476,0.2376357898508263,0.0
27.jpg,0,140.79881401558387,26.869124360902298,0.5831937022341007,0.6539030448282617,233.2148767069891,140.4199086848065,0.6021052801928666,358.9730539791827,190.31949940182844,169.47583774512628,147.3627104982558,133.18280280990652,0.22144007252274756,0.4604521563268489
28.jpg,0,138.7466239373652,28.974586589403074,0.5888558023786625,0.47611973958261133,220.19679853310615,137.66047678980232,0.6251702009605073,340.23047138277116,191.8147678299861,168.57057112608362,144.92757120735655,128.4106384479121,0.2962413398825448,0.2984282291627571
29.png,0,150.97663449713085,22.69108306014872,0.6028174916614139,1.448063820922143,222.04216158860416,150.13659989725923,0.6761625757158215,341.3679192934538,193.41182248167243,170.881850888702,154.6964084320422,144.5303335974533,0.12941717832127897,0.1788840637958932
3.png,0,147.9572914448686,23.373370816870636,0.725693929807272,1.7287583207775032,233.70057528831268,147.48626364512924,0.6310907170989108,355.24043962989947,190.561492430707,168.4984254986447,149.14719768209778,138.88212675207944,0.08656087947792028,0.2912385454151007
30.jpg,0,172.10303199101935,19.173580667203222,0.11854127273303501,1.2517145610162475,218.12410338280944,171.06759671352697,0.7842672774833236,324.6550779686853,200.20107490159128,184.59226321051466,174.15826334887896,167.81244705563216,0.28407485328021076,0.0
31.png,0,155.76310095740905,20.428163255201657,0.06478561643566917,1.0094546046562405,213.67044558031012,155.1515292713045,0.7261253602477713,352.5232380776363,182.3255616393454,172.19888489459714,162.5334688557774,152.97713015689632,0.31592964197666945,0.08441624334192147
32.jpg,0,136.5449458987366,28.17061505672798,0.8311937950878512,1.2978380830705882,231.88880802569375,135.81280968427114,0.5856807443213163,357.75656193508905,189.50374944843142,158.47477961448422,134.35512157368444,123.50750916623244,0.14062483757789604,0.21616248736874064
33.jpg,0,130.12003152381487,26.22868831207691,0.7033464403391262,1.374465870003692,209.61848919735505,128.85270307202813,0.6147010388511759,332.85592974404335,172.92822475065796,149.98986342849352,132.00981396577285,119.91330178634199,0.24649437121849224,0.33846057700074916
34.png,0,149.2430605833029,22.379091937114016,0.2705755921487416,1.0169146083869025,203.08435555501455,147.7381329310609,0.7274717568830129,337.9341219660687,181.74862264409717,164.6749392444614,148.71175574407246,138.56343325693103,0.18158407788030467,0.015132304414727838
35.png,0,161.34425439113042,26.753838680487483,0.7047672961653497,0.7812922396789737,253.27202876799547,161.01439633778864,0.6357369865161167,368.1290966764578,210.8526863126804,178.01911397532777,157.26520384964059,147.73481100104794,0.23518245947954128,0.11138889495154097
36.png,0,151.59724352791417,21.937716096389327,0.36690467136586286,1.1481337452365787,206.41122273489103,150.3463381387217,0.7283825760376531,332.49930238903164,185.84300894927347,168.9347258936118,156.362762058775,144.11228939992935,0.07306909481601548,0.020881192388370984
37.png,0,150.75362988762723,20.69075268547036,0.21954063915222616,1.3854810751107713,199.1783147268882,149.5716270845046,0.75094333080183,335.53138998675985,182.48439738168344,165.24504723245772,158.27049070520673,150.43901991317566,0.19649894319193545,0.019707928218957928
38.jpg,0,164.27924195058108,23.963978408671345,0.22087088679273498,0.44898633296116364,231.8263006161564,163.79184254708693,0.7065283020595808,343.0144878543922,200.14261579705007,182.55489182557756,165.61589452509318,150.4018587299205,0.2451069807665109,0.0
39.png,0,135.03434279674457,24.16006915564727,0.45709348614725936,0.9269093229665955,194.59031878456108,133.52472812910995,0.6861838192317299,329.3815944511373,177.29706199553797,155.55653378128167,138.14041489221168,126.34362830817373,0.12199062509719548,0.3328747957877163
4.jpg,0,133.86143657966642,28.109271996000427,0.7239121621370296,0.9988726101777838,202.14214222502824,131.29690303430073,0.6495276125457238,323.47839372043757,182.16794121450855,154.57504255910638,132.2597383812153,120.3697557833848,0.2070504394691261,0.1488288897009388
40.jpg,0,127.46123387852937,26.632641869570694,0.5519238181060782,0.7345510616447299,194.58399984501725,125.70027749049133,0.6459949306757462,325.89960743147003,173.2080105007559,151.40867200064562,130.09381735051986,113.64308052458928,0.17011897683333554,0.3343230395124094
41.png,0,133.9888971053075,24.775919228706126,0.6831847665189011,1.3566385927736286,195.28324778025078,131.98781192865206,0.6758788243688774,320.8123555257349,178.71232662398074,156.47564265569255,137.17828935708178,124.08768559063812,0.2716822605022752,0.14406682776904312
42.png,0,177.1671205345164,21.6340179469218,0.016981562888311687,0.5111238224720531,234.44003785572235,176.8534930035977,0.7543655709202529,355.4599335049337,201.33576311387503,196.7980880975897,185.14848253607562,168.70657473950808,0.20830838819891428,0.0
43.jpg,0,137.59325820172037,27.85991912523765,0.6317220809243692,0.6692124853594832,215.8374493010339,136.5130678104242,0.6324809167848624,346.6782706904382,191.65671995485152,167.83857905959763,147.56384555823345,132.73420446671796,0.5598800647167586,0.2894024510449528
44.jpg,0,149.72158312359738,19.154588257181054,0.2764736258549169,2.029441002058692,201.5458995189238,148.63914739918977,0.7374952690874942,328.8318485268857,177.10689830799632,161.04760052432226,154.32641288486892,147.39077810160438,0.3787383014028045,0.11371602051121475
45.png,0,143.30553999330604,20.32114267001453,0.4797269953647475,2.372252639549907,190.10224559687066,141.65145908831994,0.7451330132559555,326.7876536000207,175.58721198436945,153.86610487494903,144.6833219855484,139.48782813965772,0.12218946841961573,0.0
46.jpg,0,162.75740428000736,18.25956862691197,0.24768095633329,2.3903508931172466,230.4096159027311,162.35511164399512,0.7046368746716473,354.3388333355989,189.55510696182915,170.8822277688446,163.71098968669557,158.34217082967817,0.11687524856784179,0.09042070751146802
47.jpg,0,136.00702182119886,26.651366042573706,0.6431861273492013,0.9942155884410795,212.30557266152547,134.98160703316904,0.6357892792968158,337.1343090219619,183.73181121422056,163.69161402081482,144.07709411351243,130.7226127060272,0.46930809893881303,0.0
48.jpg,0,131.61718584264037,29.264300344659848,0.8172484601222081,0.8398140972322699,216.72113763904355,130.58331485634082,0.6025407409674629,345.9280498878817,190.93827567227106,164.17376366141963,135.56885663928884,122.28323735697501,0.14297897243909746,0.13459292435730427
49.jpg,0,142.44890610206443,25.083494930489845,0.46290679242800475,0.8050626741010705,209.28452644180092,141.3111278939657,0.6752105867380613,338.1487932716964,185.68130093902562,162.00649159836883,146.35572522917283,133.49639801826902,0.1507306951925273,0.12722284156855862
5.jpg,0,137.48922375530182,22.664484569550122,0.6203401147563328,1.7468685826035228,196.39533156088655,135.9637515863109,0.6922962501486924,338.3244188813868,173.85915255958767,153.3482961393146,139.56370510758256,129.00474085640263,0.1411446673796266,0.1138714258423359
50.png,0,142.09916869630828,23.229555285322824,0.7916706950309298,1.81708314055275,215.1259520324314,141.15975636403962,0.6561726050735107,341.4478980006913,183.8656905555033,160.43679323338458,142.13715500181542,131.79093011852441,0.1513556024931693,0.30321842431251134
51.png,0,127.57950090578244,22.765900969400676,0.4435352774465191,1.426706369436566,159.75524521971425,122.27045885196658,0.7653611540817068,296.150586978846,166.20364937973252,142.879420468736,130.96134399436656,121.57620589152144,0.22677043820489398,0.2634131245295166
52.png,0,136.05885481028753,20.13984553678865,0.47586764744467447,2.0455747413887053,163.16605844474392,131.63318891078444,0.8067436951378091,302.7277949426773,172.95096371577876,152.35104744004275,144.83804312435728,136.24694258470686,0.10506222193079097,0.04136211174174115
53.png,0,124.39034498106062,22.66461494970303,0.4822911560588285,1.5571138364209247,152.64747444004345,119.54534278767434,0.7831465487798104,299.6508266193679,157.72573624450027,138.35500756104264,128.56172729686136,116.69716932683549,0.18960798271597976,0.31077995366335553
54.png,0,149.18209372990634,16.550774275442766,0.14846214380523154,2.5230133434683824,168.46629576122038,145.96209710130103,0.8664172049475333,303.4635713395169,171.8876163474729,158.46941351408725,148.18950814203623,147.25936877973658,0.13463528618500345,0.0
55.png,0,129.01679062850536,24.166229231718585,0.7119603596213931,1.6858220564531674,164.2909048113317,123.24676104570933,0.7501739745559463,293.8265596903806,169.51356592776634,147.48532729547782,134.82986278370294,123.31652931132878,0.0749116074727412,0.20876522054925845
56.jpg,0,156.3906772820381,21.703170159290817,0.13983094464993961,1.0981878365606512,228.1420776703016,155.9148722396756,0.6834112927865731,356.2789281259251,183.51524529504877,171.98353083209207,162.3654826177723,147.48671218588896,0.24973937340904043,0.204160904835916
57.jpg,0,145.59446613895258,22.423465789972152,0.3696304221027989,1.4147871148321132,228.92982260754894,145.18307797994265,0.6341815859824776,361.32454347584263,177.31109506626993,160.74584709247299,147.27113886511628,135.43266021625422,0.04316038582493061,0.45268188119045255
58.jpg,0,149.63531237140324,23.400616576649035,0.6030084155685267,1.60778495964189,232.565939880079,149.1744387282721,0.6414285720651651,350.4243476871229,188.72302109274676,167.31030230042344,151.1382920134716,141.90415607798184,0.1253762523996775,0.04939029697132772
59.jpg,0,155.8142333521111,21.197046582362685,0.13930866685193077,1.0184588544718247,224.96779707536723,155.40931678332535,0.6908069457214854,355.93116500746504,186.6593993875829,170.33997381709503,159.98216871739143,146.72748184273254,0.10215231486404885,0.18925448330536923
6.png,0,147.33570671679044,24.269525838005393,0.8889725140350749,1.9180361556530254,241.72571919204597,146.93799599006888,0.6078707573244606,360.3692840705952,193.26885117584624,165.73700961264183,144.28317793904674,136.3423899161975,0.2550438268921598,0.3438951900190762
60.jpg,0,151.77993133634192,22.153124590929902,0.2609590178223278,0.8443487211220018,216.61151552553832,151.42452532948164,0.6990603660294727,344.3522292931612,188.7863807490998,167.3272001171132,156.7485849418039,145.96216396986077,0.1512224697944713,0.2630676505933549
61.png,0,165.18513396786307,21.801033122655205,0.42072229584343795,1.5162713076277718,240.29506180294595,164.75623733103305,0.6856413781242889,357.98924232402493,198.431900562713,180.41190925129183,168.70424692915626,156.78727283560548,0.3124437177761314,0.0
62.jpg,0,128.3332313404349,28.21024117302097,0.8472792853390545,1.2516567969981827,218.23829086510096,127.24220569013808,0.5830425320219812,339.96138867345763,177.15736658424132,142.81318010889987,124.3942232248731,116.0925830483368,0.24153206637254276,0.36206426111822937
63.jpg,0,167.19921607347777,18.008452808835226,0.036351518367768065,1.610674946069106,207.5191828372981,166.28905881018613,0.8013189746442008,339.7970794311015,192.36253620988714,176.10780949593527,169.45224666794283,162.358010891282,0.1417438973082689,0.0
64.jpg,0,142.4880077699025,24.164511687833564,0.3273728500595408,0.7044545159505553,198.68266399867917,140.9120884552371,0.7092319260233689,329.14128823051664,182.4711398986369,163.00542199383574,147.77438831973842,134.18873452152656,0.15459769849167793,0.1945033362425872
65.jpg,0,137.6450096128697,27.029718931635877,0.6832442138928003,0.8599125612342062,224.2958456242014,137.08943682373953,0.6111991795578208,355.7001657662371,187.19319829773733,161.32629699024838,137.18946550546897,125.75104286583094,0.11340092962679829,0.3891775641152756
66.jpg,0,156.97924294685208,27.60651739722408,0.39271894316878436,0.12333218000294988,236.11635247052544,156.51182880387617,0.6628589132699466,362.0075081183455,206.7615500352749,187.6992873452384,167.73323817658036,150.0992780821901,0.09747720766674473,0.0
67.jpg,0,167.37430289997073,21.56908599747987,0.22999176593209755,1.0331308649143836,233.09279054997555,166.84854331522436,0.7158031053708275,354.93128609251784,197.85627239106392,181.2142773277131,168.44088712718363,156.86238351776547,0.11610637985473474,0.0
68.jpg,0,149.2734092871463,23.451722736764882,0.4443967172850442,1.1953147434696207,208.60699926551212,147.82953542329898,0.7086508887227873,319.97681665522333,190.97301967894347,166.60698117293848,153.22373116388127,142.77716816044438,0.4484183092246702,0.0
69.jpg,0,153.42744272107063,21.186387752432584,0.2721027261127651,1.4695800253947908,226.4489747323285,152.89934823200304,0.6752044181817825,348.9841179017968,182.54090008727357,164.95370435149806,155.6141696569722,145.69458078421087,0.15446526040697295,0.3123059198163707
7.jpg,0,127.96523105560424,25.618872074200212,0.7033020072055647,1.5095832173590455,203.28528030347752,126.74073603531728,0.623462435873913,324.83548149229705,175.0199920225143,151.09835062640744,134.75437055639566,122.11437218782135,0.4193477769211645,0.3494505839908038
70.png,0,149.18355674905897,21.254940005371594,0.47829372690961325,1.6502377122997558,199.07423871419599,147.45544168272238,0.7407057921463112,314.66253800096655,182.7749019799445,160.97100957419394,150.74839315143007,141.84027590283526,0.4595108834176099,0.0
71.jpg,0,123.41238350172266,26.625979932041307,0.8971729038397019,1.8751719557173496,208.0870781379277,122.30312417256319,0.5877497308674603,350.98023237840687,168.83113211845952,148.3668847187174,128.25035268848507,116.37249801671558,0.23533704357926144,0.4765699972724513
72.jpg,0,127.5816808555913,28.736856364702252,1.1132762576142927,2.0420695092303687,228.2786644546976,126.71923122505116,0.5551076423534923,349.55106974649283,189.8084699904459,150.53009163563212,128.27449884026922,118.79419793513952,0.11402060425176523,0.2570454096064399
73.jpg,0,138.64761867071994,25.96887915187455,0.5513489391278001,0.9640406103653771,214.9923288484375,137.5540115918241,0.6398089286655206,336.5897859528618,185.6733777115052,161.21722409698697,144.24623699928827,130.45581550890878,0.26143682207501123,0.3108252176539602
74.png,0,154.09129404007575,21.37924440919409,0.4707408886518314,1.362044177061815,211.89360419885796,153.21643670502309,0.7230819320116547,334.6850952403375,189.7697957133137,177.4858392343254,162.23769804423443,151.39459860957484,0.2332459017154618,0.109487777386782
75.jpg,0,148.8428170826601,22.32480050960463,0.459747051047602,1.4719456037020135,212.40876469799056,147.8380998484509,0.6960075308504888,344.23442319230196,183.9762612355131,164.03558681170227,149.99004224431673,139.16542892587307,0.16947597121422167,0.16674123445403444
76.jpg,0,165.13615683724376,21.725334841028324,0.2198967393960882,0.9856202861850862,235.85800018652583,164.61602217341797,0.6979454673711857,356.7255041716827,192.4041492597408,181.60573684915454,165.80729292438846,153.31189332560544,0.12040569298921533,0.0
77.jpg,0,171.35857823978432,21.307393770176454,0.055955614951308116,0.8691892614524397,235.92101164640297,170.89354642678595,0.7243676399748582,356.3000767347935,200.84283894279503,186.8945230138695,176.7752292921669,162.34715453308746,0.10326880195217128,0.0
78.jpg,0,118.0965046981801,26.82079009841831,1.0319558931398443,2.0449932166839044,215.1749712764571,117.2287297408092,0.5448065313794956,311.2071739381721,173.22411600133867,138.19145609237046,114.86972506491456,107.64697258699753,0.2975932236111598,0.5881937269534925
79.jpg,0,131.5195071718357,28.534025293838795,0.8961824345376833,1.4845062624335519,230.7508648856767,130.63093666913855,0.5661124465724469,347.45617832775287,187.52438564918546,155.0220823087213,129.17213407679407,120.8301518907684,0.13597444977383838,0.49826002466591734
8.jpg,0,148.26563084191562,23.556947489343788,0.3345369356420237,0.7144038502175478,197.64790940279028,146.163039473166,0.7395121957768735,318.66045746047723,188.76819922496682,168.98549368313772,155.00293582537472,141.94442879607425,0.2248225207533689,0.0
80.jpg,0,126.02180449643555,26.151852741427692,0.6776206619351972,1.1984751760532033,199.35562064670913,124.8982015932138,0.6265095570821848,320.6670144363222,166.6018832531833,143.4567430892746,126.25763252533736,111.49045818458698,0.3048829110123821,0.46073339098957977
81.png,0,143.96686141078322,21.972202397304013,0.7077209778810237,2.2363607678655564,209.52137595901428,142.72435734428907,0.6811923446522623,331.58187831708744,177.65434789277603,154.88768285374906,140.71450378440792,136.0664257121726,0.2432544345981866,0.2973659477991252
82.jpg,0,127.41405691927207,28.507670340299203,0.9411833430734807,1.402532907985309,221.0809768785113,126.32894431548107,0.5714148096283359,349.4393776255992,181.29652798867326,147.6225069192766,122.39348175301367,115.86667183461786,0.06357147164938264,0.3485556981132122
83.png,0,156.5213616433983,23.204436878118877,0.6487191545881456,1.5110351313960573,251.17078396698443,156.26853168741056,0.6221604647615048,381.21558412117145,196.91852114379157,173.13190577030028,155.2937683692772,144.30564080417716,0.04051269966627898,0.33344318422006364
84.png,0,152.80070950739258,20.606279604596683,0.4235556641345416,1.7758947777539618,206.09031261182403,151.5416934537358,0.7353169177785088,320.71946932006284,185.64807500510383,164.12595490518444,155.4936080181212,145.05601227538799,0.22835782282742012,0.0
85.png,0,141.07714634048872,22.497658413416747,0.565159888348089,1.8565156625644645,195.38524906098934,139.3863585845578,0.7133924349685603,324.8649141118276,178.41327418027777,157.26080690542173,146.38980730950104,135.21965678416848,0.08043090562273719,0.0
86.png,0,143.56297934553442,21.610170985304528,0.5475440377574697,1.8779960705135066,198.2289865244587,141.87314913907613,0.7157033470560118,325.08355749888983,175.048921601263,156.18582578224505,142.14400626913374,133.10180655408274,0.14999766591977093,0.22762652686006382
87.png,0,129.29108678333134,23.527956327184196,1.223415512285607,3.448475398971893,216.58517422405478,128.4513594572466,0.5930754952061733,349.585091954312,179.57460871115651,141.1121855902971,126.71459882019812,121.3717322354537,0.03668535469495666,0.4715511495852717
88.jpg,0,156.6503802797815,19.871792816828613,0.39969497465169074,1.6843760829666001,215.15671025345003,155.70142380313249,0.7236652002148551,330.71088801758185,191.62157909996142,171.3133935851355,161.0526372419101,152.54682133587838,0.3122091641205411,0.0
89.png,0,136.42621396199436,24.10281884805959,0.8906814034437752,2.0377497799797712,209.34695141790024,135.04380119478887,0.6450717351274594,332.7119317036313,184.95220835804653,157.5138720979393,138.0707433485363,129.48561850097082,0.17211594373756273,0.1360361991979162
9.png,0,136.7110605878552,26.49734842959629,0.8759997583210503,1.55483175707466,219.31435342678046,135.73514298022783,0.6189067922795299,350.6099875339774,186.99305314195163,158.3401243191657,138.0245640604429,128.62449059747613,0.13914622733930251,0.0
90.png,0,153.67972951514687,20.098807068052277,0.13980801871961995,1.3114321252334253,208.67672282449624,152.87685370041186,0.7326013732206546,339.79930588673284,182.6645624144811,166.5328771991489,159.72019822305663,152.01372621992783,0.23553931631907787,0.0560076483672662
91.png,0,156.81871926623657,23.808118796253986,0.3171907664240239,0.6616099146747962,218.1322196329411,155.8498549716551,0.7144742543486206,341.8513193242479,193.35282742889055,174.0386137464798,158.49631168939985,144.97426148715633,0.18033525979717135,0.0
92.png,0,135.39687868309645,24.08669383604055,0.5535876035364707,1.0978698199125763,196.67436536290955,133.81438978749154,0.6803855171494929,329.02213093805415,183.42305557931516,161.68847392644344,144.59028180689512,132.3284438899786,0.17917517742053973,0.31500554664721014
93.png,0,149.2107058332001,19.696148198269327,0.3387071602487234,1.6510061544148824,192.22182049897668,147.34178594428283,0.7665195635012063,315.2629813936564,180.9852685734139,163.66179771086252,152.1836485084408,145.74256881527563,0.08908228731938894,0.0
94.png,0,151.1328108068553,19.918918348625237,0.14135231275917626,1.311213524007182,200.70477920403027,150.06231534937703,0.7476768413014636,329.4897406939532,177.875794481495,163.4097003796544,154.11477125311922,145.433318515354,0.31690135994933377,0.01932338500113051
95.jpg,0,136.1137675533534,25.15433216243624,0.44489283591187195,0.9191512651338827,204.39863984562794,134.97999050210265,0.6603761678847094,339.99074033210434,175.76943558579734,157.74552924300818,142.51380570261566,126.23474219989038,0.24763657568242253,0.2695722455290543
96.jpg,0,144.8670014123432,26.927931279210505,0.43690539210684803,0.3886993387819704,216.66364845092545,143.80397732234348,0.6637199103333443,341.7736076519418,192.1007308230201,169.57020585227943,148.4255708778149,134.08895309726202,0.1461107116838979,0.23169523109042195
97.png,0,140.06372490827965,23.290943059647493,0.7891740831585252,2.068710680839958,220.5759254830306,139.2370166308435,0.6312430349138684,346.90860248050177,182.8064507770344,159.5497003556805,141.9370152025098,132.10839707359202,0.17327863746099653,0.3786299425845435
98.png,0,134.21104575769212,24.468225149764397,0.7241619920012862,1.3300261972613487,192.31161330228318,132.10804810880634,0.6869478438681369,327.42966568438794,175.68992110920746,154.6496957561362,131.99000504129418,122.16752896557128,0.08633438574047513,0.0
99.png,0,134.67962254212117,25.873230527089536,0.7694385121281846,1.3441980943477603,213.3890677792736,133.7572192072131,0.6268232042026142,353.32926096860825,185.06263342188103,154.58286879933948,134.32539898661284,125.4004755006017,0.024574748978023135,0.3493930203366177
